{
    "type": "minecraft:crafting_shaped",
    "pattern": [
        "#CR",
        "W_O"
    ],
    "key": {
        "#": {
            "item": "minecraft:redstone"
        },
        "C": {
            "item": "minecraft:chain"
        },
        "R": {
            "item": "minecraft:redstone_torch"
        },
        "W": {
            "item": "minecraft:comparator"
        },
        "_": {
            "item": "minecraft:dark_prismarine_slab"
        },
        "O": {
            "item": "minecraft:observer"
        }
    },
    "result": {
        "item": "minecraft:knowledge_book",
        "count": 1
    }
}
